[
  {
    "name": "theme_info",
    "theme_name": "Ground Modern",
    "theme_version": "1.0.0",
    "theme_author": "Ground",
    "theme_documentation_url": "https://help.shopify.com/manual/online-store/themes",
    "theme_support_url": "https://support.shopify.com/"
  },
  {
    "name": "Colors",
    "settings": [
      {
        "type": "header",
        "content": "Primary Colors"
      },
      {
        "type": "color",
        "id": "color_primary",
        "label": "Primary Accent",
        "default": "#6c5ce7",
        "info": "Used for buttons and highlights"
      },
      {
        "type": "color",
        "id": "color_secondary",
        "label": "Secondary Accent",
        "default": "#a29bfe",
        "info": "Used for gradients and secondary elements"
      },
      {
        "type": "color",
        "id": "color_text",
        "label": "Text Color",
        "default": "#1a1a2e"
      },
      {
        "type": "header",
        "content": "Gradient Colors"
      },
      {
        "type": "color",
        "id": "gradient_start",
        "label": "Gradient Start",
        "default": "#f8f4ff"
      },
      {
        "type": "color",
        "id": "gradient_mid",
        "label": "Gradient Middle",
        "default": "#e8f4f8"
      },
      {
        "type": "color",
        "id": "gradient_end",
        "label": "Gradient End",
        "default": "#fff8f0"
      }
    ]
  },
  {
    "name": "Typography",
    "settings": [
      {
        "type": "font_picker",
        "id": "font_heading",
        "label": "Heading Font",
        "default": "assistant_n4",
        "info": "Font for headings and titles"
      },
      {
        "type": "font_picker",
        "id": "font_body",
        "label": "Body Font",
        "default": "assistant_n4",
        "info": "Font for body text"
      },
      {
        "type": "range",
        "id": "font_body_scale",
        "min": 100,
        "max": 130,
        "step": 5,
        "unit": "%",
        "label": "Font Size Scale",
        "default": 100
      }
    ]
  },
  {
    "name": "Favicon",
    "settings": [
      {
        "type": "image_picker",
        "id": "favicon",
        "label": "Favicon",
        "info": "32 x 32px .png recommended"
      }
    ]
  },
  {
    "name": "Social Media",
    "settings": [
      {
        "type": "header",
        "content": "Social Accounts"
      },
      {
        "type": "text",
        "id": "social_instagram_link",
        "label": "Instagram",
        "info": "https://instagram.com/shopify"
      },
      {
        "type": "text",
        "id": "social_twitter_link",
        "label": "Twitter",
        "info": "https://twitter.com/shopify"
      },
      {
        "type": "text",
        "id": "social_tiktok_link",
        "label": "TikTok",
        "info": "https://tiktok.com/@shopify"
      },
      {
        "type": "text",
        "id": "social_facebook_link",
        "label": "Facebook",
        "info": "https://facebook.com/shopify"
      },
      {
        "type": "text",
        "id": "social_youtube_link",
        "label": "YouTube",
        "info": "https://youtube.com/shopify"
      }
    ]
  },
  {
    "name": "Cart",
    "settings": [
      {
        "type": "select",
        "id": "cart_type",
        "options": [
          {
            "value": "drawer",
            "label": "Drawer"
          },
          {
            "value": "page",
            "label": "Page"
          }
        ],
        "default": "drawer",
        "label": "Cart Type"
      }
    ]
  }
]
